,1834812118,9202390504497456593,Smile Killed,Solarmine ($SOLAR) - Official Channel,1580118393
keiii127,1699717641,-6134635068276104565,kei,Solarmine ($SOLAR) - Official Channel,1580118393
kkulcha,1699442416,-4368835381359921628,kkulcha,Solarmine ($SOLAR) - Official Channel,1580118393
,1443388880,-5019864205975419750,Kahuator,Solarmine ($SOLAR) - Official Channel,1580118393
MasterKey2004,1887329001,5207340780932646994,Master Key,Solarmine ($SOLAR) - Official Channel,1580118393
manofoot17,1859982169,-1458713339000160072,Jennie Manofoot,Solarmine ($SOLAR) - Official Channel,1580118393
j_cbhg,1943713278,4335119760242737209,J,Solarmine ($SOLAR) - Official Channel,1580118393
,1632047348,5730874747057369961,jungwon,Solarmine ($SOLAR) - Official Channel,1580118393
Jjuvera,2035197178,-3171069998191641638,Juvera Cixx,Solarmine ($SOLAR) - Official Channel,1580118393
,1360501711,-641901880014085249,Jessy,Solarmine ($SOLAR) - Official Channel,1580118393
jiminieeahhh,1963618369,-4730208986060913874,√Üra,Solarmine ($SOLAR) - Official Channel,1580118393
jantheant,1343332603,2894333035074977031,jan,Solarmine ($SOLAR) - Official Channel,1580118393
jijilucky,1753763301,4074153202191539400,Jijilucky,Solarmine ($SOLAR) - Official Channel,1580118393
Jashieeee,1971704272,3314179166251167198,Jashmine Dulay,Solarmine ($SOLAR) - Official Channel,1580118393
,2029704705,-5367315652227412948,Mannag Jessica,Solarmine ($SOLAR) - Official Channel,1580118393
DreannaJoy,1916252544,1823050129507416161,Dreanna Joy,Solarmine ($SOLAR) - Official Channel,1580118393
Johnroi17,1953187844,-8720692083581406727,Johnroi17,Solarmine ($SOLAR) - Official Channel,1580118393
juliafterjune,1781065578,-6098699688724205272,juliafterjune,Solarmine ($SOLAR) - Official Channel,1580118393
,1885986169,-8048606431245160523,Joy Macatigbac,Solarmine ($SOLAR) - Official Channel,1580118393
jack12273,1981351017,-978788222121615846,me me,Solarmine ($SOLAR) - Official Channel,1580118393
jesikahi,1297140888,-2168041091878937559,Jesika Silalahi,Solarmine ($SOLAR) - Official Channel,1580118393
,1960764149,-385988283680727813,juizyhoney,Solarmine ($SOLAR) - Official Channel,1580118393
junwhipped,1799180946,-8749317178515810987,junwhipped,Solarmine ($SOLAR) - Official Channel,1580118393
jaemrnxwin,1090666313,8887979158396185957,jaemrnxwin,Solarmine ($SOLAR) - Official Channel,1580118393
jelly00,1870678272,-6775439323933180816,jelly00,Solarmine ($SOLAR) - Official Channel,1580118393
meilleuvr,1813912806,-6994508937587460146,jie,Solarmine ($SOLAR) - Official Channel,1580118393
jouibnida,1922530625,-5413834584786809958,Jou,Solarmine ($SOLAR) - Official Channel,1580118393
,1002774496,-2258389025654313022,Jose Amaya,Solarmine ($SOLAR) - Official Channel,1580118393
Sidha348,1321390367,-21988969071945661,Jake,Solarmine ($SOLAR) - Official Channel,1580118393
,1984637156,-1829406958548874840,James Suanco,Solarmine ($SOLAR) - Official Channel,1580118393
mizteriush,866391700,6880536662368034804,üîπJoe,Solarmine ($SOLAR) - Official Channel,1580118393
jjakehyuk,1122165899,7591795700806544755,mida,Solarmine ($SOLAR) - Official Channel,1580118393
jjkvoids,1439878296,-8671907935974684838,ü•Äùô∞ùöóùöó‚Å∑,Solarmine ($SOLAR) - Official Channel,1580118393
JosCampana2,1653193875,4917101652802298062,Josbell .,Solarmine ($SOLAR) - Official Channel,1580118393
jem4s,1844829789,-10862409501474489,Jade01,Solarmine ($SOLAR) - Official Channel,1580118393
,1854782742,7354404370243906275,JinkyNina,Solarmine ($SOLAR) - Official Channel,1580118393
,1905653410,-8178209246047222856,Jinnie,Solarmine ($SOLAR) - Official Channel,1580118393
jiminieeeluvs,1600376548,4954343802387151302,üêù,Solarmine ($SOLAR) - Official Channel,1580118393
CryptoJericho,1651465448,99172434714469344,Jericho Mendoza,Solarmine ($SOLAR) - Official Channel,1580118393
syndlol,1790914213,7235950214034187685,J,Solarmine ($SOLAR) - Official Channel,1580118393
,2005601684,3406819785391732872,Jomar16,Solarmine ($SOLAR) - Official Channel,1580118393
Axeyyss,1103591964,625296491982277294,Jorpaina AE,Solarmine ($SOLAR) - Official Channel,1580118393
johanbester49,1776156287,8908693440458512512,Muhammad,Solarmine ($SOLAR) - Official Channel,1580118393
jiwellll,1378422199,-6798014509158355421,jewelle,Solarmine ($SOLAR) - Official Channel,1580118393
,1427820182,-8385909886209098114,JBAM,Solarmine ($SOLAR) - Official Channel,1580118393
Jocellcdl,1661340008,-8365574528761293449,Jocell Cabalse,Solarmine ($SOLAR) - Official Channel,1580118393
jwifullsun,1872405345,-8321096210948119611,Ashley,Solarmine ($SOLAR) - Official Channel,1580118393
jmcap02,1119639277,-7034821086536804750,jmcxksh,Solarmine ($SOLAR) - Official Channel,1580118393
bunnybear9796,1716524819,1294135230318834200,Jane-Ann,Solarmine ($SOLAR) - Official Channel,1580118393
JihanMajir,2017485391,3595611580976573357,JihanMajir,Solarmine ($SOLAR) - Official Channel,1580118393
jaemctyxxx,1785342504,7176095375338585815,jaemctyxxx,Solarmine ($SOLAR) - Official Channel,1580118393
jesbless,1838744211,8703308525235556208,jesbless,Solarmine ($SOLAR) - Official Channel,1580118393
Johnjaemdery,815031773,-7490010805148284374,johnjaemdery,Solarmine ($SOLAR) - Official Channel,1580118393
duIIkid,2046607810,2501568791840825256,jay,Solarmine ($SOLAR) - Official Channel,1580118393
,2021867199,6612139373580810493,jaemwin,Solarmine ($SOLAR) - Official Channel,1580118393
Jahecity,1969842410,-1766678834569829438,Squid,Solarmine ($SOLAR) - Official Channel,1580118393
J0URR,1860113124,7591525620615086766,jo,Solarmine ($SOLAR) - Official Channel,1580118393
,1947466572,-6301064174246227746,jnjmcityx,Solarmine ($SOLAR) - Official Channel,1580118393
sonzkie,1844169296,9185335104535174933,Jay Son,Solarmine ($SOLAR) - Official Channel,1580118393
,1444572077,960555453396867304,Ani Jayati,Solarmine ($SOLAR) - Official Channel,1580118393
,2016690488,-95615680191763491,jaemcitysarinah,Solarmine ($SOLAR) - Official Channel,1580118393
jwoyn,1212010348,5696308182166720316,jeye,Solarmine ($SOLAR) - Official Channel,1580118393
jmmacaraeg,931139807,-2463437994762801559,Jim Marlon,Solarmine ($SOLAR) - Official Channel,1580118393
Jhaypee121791,1996542806,4965851095822747922,Jhaypee Del Castillo,Solarmine ($SOLAR) - Official Channel,1580118393
CryptoJunaidali,1331438105,-3107194638791446765,#Junaid Ali,Solarmine ($SOLAR) - Official Channel,1580118393
jaypot15,2031202585,2281710222221646262,Jaypot,Solarmine ($SOLAR) - Official Channel,1580118393
jinbamxx,1654579009,7800928249423985777,jinbamxx,Solarmine ($SOLAR) - Official Channel,1580118393
jam1920,1807045585,-7449481216285581244,jam1920,Solarmine ($SOLAR) - Official Channel,1580118393
jamesBaker012,1910506441,-4153823939726819381,james Baker,Solarmine ($SOLAR) - Official Channel,1580118393
Jamyaa,1818416174,1350515492200212068,Jamyaa,Solarmine ($SOLAR) - Official Channel,1580118393
jenqwerty,1854587060,-317018452348099102,Jen,Solarmine ($SOLAR) - Official Channel,1580118393
julsratna,838889514,-2264691704246160600,Julie,Solarmine ($SOLAR) - Official Channel,1580118393
asjdkchimcim,1045473154,7877954204815879385,JJ,Solarmine ($SOLAR) - Official Channel,1580118393
JohnLmoji,2034533896,-3601275889122659937,JohnLmoji,Solarmine ($SOLAR) - Official Channel,1580118393
jycie2,1939422553,8470290096901169428,jycie2,Solarmine ($SOLAR) - Official Channel,1580118393
jmanobanx,1665383132,6371418668493549950,jen,Solarmine ($SOLAR) - Official Channel,1580118393
jejejejeno,1295162675,2406328615548578837,jejejejeno,Solarmine ($SOLAR) - Official Channel,1580118393
jiluuun,1421180386,5990053597144207542,jil,Solarmine ($SOLAR) - Official Channel,1580118393
AlvinJD,1657946021,8700917828922584673,Alvin JD,Solarmine ($SOLAR) - Official Channel,1580118393
,1712350836,5695116788821138175,Jaenalabidin,Solarmine ($SOLAR) - Official Channel,1580118393
Jmschp,1929799130,3184084742043618765,Jj,Solarmine ($SOLAR) - Official Channel,1580118393
jekey_13,1252573525,4735744423012351953,jekeey,Solarmine ($SOLAR) - Official Channel,1580118393
,1718308382,-4620079053889126940,Jessa,Solarmine ($SOLAR) - Official Channel,1580118393
Jensha8,2053669410,4559837255783139555,jen jen,Solarmine ($SOLAR) - Official Channel,1580118393
jh9nna,1385105444,-3098472040927141446,jhannamae,Solarmine ($SOLAR) - Official Channel,1580118393
jjminiedipity,1367478571,3072752565818924541,jjminiedipity,Solarmine ($SOLAR) - Official Channel,1580118393
jl00na,1704941691,735681045186149657,jeynloona_,Solarmine ($SOLAR) - Official Channel,1580118393
ajabajdd,1379209701,-7112552294019540123,Dzeronimo,Solarmine ($SOLAR) - Official Channel,1580118393
,1930914456,-926108099131595379,Deasy,Solarmine ($SOLAR) - Official Channel,1580118393
,1137548536,-6493325886495022079,Divaa,Solarmine ($SOLAR) - Official Channel,1580118393
,1903538257,3205828275039647177,dita,Solarmine ($SOLAR) - Official Channel,1580118393
canyeole,697610482,-4402277133381970882,def,Solarmine ($SOLAR) - Official Channel,1580118393
SunilDSouzaa,1797798335,1948470034824151573,Sunil D Souza,Solarmine ($SOLAR) - Official Channel,1580118393
,2003821180,493978318564411932,Sandra Dewi,Solarmine ($SOLAR) - Official Channel,1580118393
dodot_17,684226290,-211838250303456632,dodot .,Solarmine ($SOLAR) - Official Channel,1580118393
,1843276278,4909145984739386759,Diyon AD84,Solarmine ($SOLAR) - Official Channel,1580118393
dhygreen,1302498453,2986767201401370532,Salsabila,Solarmine ($SOLAR) - Official Channel,1580118393
,1924944806,-7753666694452474279,Dara,Solarmine ($SOLAR) - Official Channel,1580118393
Duthhunt,1971332485,1763377039112923256,duthhunt,Solarmine ($SOLAR) - Official Channel,1580118393
demoncityx,2071082509,8949340376002985127,demoncityx,Solarmine ($SOLAR) - Official Channel,1580118393
