loluuuuuuuu777,5082515542,5898434498114794979,helper,SolidityLabs - Smart Contract Auditing,1361651506
foriteen,2116107684,5778291885410765502,Doreen Ritter,SolidityLabs - Smart Contract Auditing,1361651506
,5032559218,-4177222758152545595,Faizan Shehraz,SolidityLabs - Smart Contract Auditing,1361651506
,5026297116,-6355420137372633904,ü•áü•áü•áü•áü•á,SolidityLabs - Smart Contract Auditing,1361651506
Doc_CryptoZ,1907922673,6360871963408214553,Doc Cryptoz,SolidityLabs - Smart Contract Auditing,1361651506
,5099736092,2271494435487278538,,SolidityLabs - Smart Contract Auditing,1361651506
content001,5007178272,8940899225917588947,Content Telegream,SolidityLabs - Smart Contract Auditing,1361651506
,5033001831,1684493965872594527,hassan,SolidityLabs - Smart Contract Auditing,1361651506
rasmusthaarup,1745146376,-8924378129280256899,Rasmus Thaarup,SolidityLabs - Smart Contract Auditing,1361651506
ayudayss,1843111668,-483153845492965825,Indah Ayu,SolidityLabs - Smart Contract Auditing,1361651506
,2012113909,-3883308567229793768,Pramesti Irlyn Pramesti,SolidityLabs - Smart Contract Auditing,1361651506
DMTdon,1314341048,3094946668390245945,Space Shinobi,SolidityLabs - Smart Contract Auditing,1361651506
mrcastaway,1704478239,-6394250278228243781,wils0n,SolidityLabs - Smart Contract Auditing,1361651506
,2131075936,1954678749279316763,,SolidityLabs - Smart Contract Auditing,1361651506
SMBloc,5002111057,737563804943686506,SMuce,SolidityLabs - Smart Contract Auditing,1361651506
wizzypuls2020,5080479112,7565205156539545647,Wizzy Puls,SolidityLabs - Smart Contract Auditing,1361651506
,2092287274,-6978869355504995245,Adam Q,SolidityLabs - Smart Contract Auditing,1361651506
talha639,1377806541,6566065481536475261,talha jutt,SolidityLabs - Smart Contract Auditing,1361651506
,1892946296,-6325328103993723409,Dogs Of Elon official support,SolidityLabs - Smart Contract Auditing,1361651506
John_John658,2136860577,7065429799999833766,John,SolidityLabs - Smart Contract Auditing,1361651506
AlamgirShakil6464,1828339598,-3639394403561716035,A Shakil,SolidityLabs - Smart Contract Auditing,1361651506
Zencooler,1775824201,-1671620292357077480,Zencooler,SolidityLabs - Smart Contract Auditing,1361651506
nini_01,1477024570,-6732928178002285823,nini_01,SolidityLabs - Smart Contract Auditing,1361651506
DeannStephens,2107419242,-7432883775080165164,Dean,SolidityLabs - Smart Contract Auditing,1361651506
Darmianzt,2132070309,-3212677852135559688,Darmian ZT,SolidityLabs - Smart Contract Auditing,1361651506
S0phiaCoins,1168615132,2724626536986528201,SophiaCoins,SolidityLabs - Smart Contract Auditing,1361651506
,5042833868,5015734096427460514,Larry Higgins,SolidityLabs - Smart Contract Auditing,1361651506
SylvaCoinStore,1960878647,3761632618706080580,"Sylva I. Ekane - CoinStore Executive, Singapore",SolidityLabs - Smart Contract Auditing,1361651506
,5020782514,2874318960469886517,,SolidityLabs - Smart Contract Auditing,1361651506
lunadog123,1651048399,-4710581024173274762,Chad Dog,SolidityLabs - Smart Contract Auditing,1361651506
Amberjxy,5077331043,-3790301934697751345,Amber 666,SolidityLabs - Smart Contract Auditing,1361651506
Youngmilxt,2101626462,-6144913234586222590,Youngmi,SolidityLabs - Smart Contract Auditing,1361651506
Hana3071,1757773391,-1801284256704009509,Hana‚ö°Ô∏è,SolidityLabs - Smart Contract Auditing,1361651506
CryptoBimbus,1367248067,-4675827768279298635,Crypto Bimbus,SolidityLabs - Smart Contract Auditing,1361651506
Shaw_ADesigg,5022742640,-4128515174484577954,Shawn,SolidityLabs - Smart Contract Auditing,1361651506
Cryptoman07,5099601038,-1861610347814803471,Crypto Man,SolidityLabs - Smart Contract Auditing,1361651506
Rickymartin_indoex_listing_team,1318499850,5658538299432093682,Ricky Martin Indoex listing manager,SolidityLabs - Smart Contract Auditing,1361651506
mikeCM1,1526979759,2438675592121097700,Mike,SolidityLabs - Smart Contract Auditing,1361651506
,2071464839,4682812928523383832,,SolidityLabs - Smart Contract Auditing,1361651506
kaewu9,5052685050,5324045684869544338,Kae Wu,SolidityLabs - Smart Contract Auditing,1361651506
MoeCalls,1945937249,-8209616144541008184,Moe | Marketing CG & CMC‚ö°,SolidityLabs - Smart Contract Auditing,1361651506
VincentHoll,2110375657,-8144473560693917173,Vincent Holland,SolidityLabs - Smart Contract Auditing,1361651506
,2087664080,-2227194822921602761,Joshua,SolidityLabs - Smart Contract Auditing,1361651506
eradicated0002,5099152287,7517735888084054972,ERADICATED HERO ( Cryptocurrency Gems ),SolidityLabs - Smart Contract Auditing,1361651506
ENRHOPQ,5025357610,5107074932110786614,Hitesh Bawa,SolidityLabs - Smart Contract Auditing,1361651506
HypeManAlex,1700880166,5670688646437426346,Alex | CEO of @HypeManAlexCalls,SolidityLabs - Smart Contract Auditing,1361651506
nissh12,1998587383,-4685635962586307279,Talha,SolidityLabs - Smart Contract Auditing,1361651506
,2100097267,-9189287361892881948,Prasanth,SolidityLabs - Smart Contract Auditing,1361651506
Sharman8,1877711687,8028585567098420865,Sharman,SolidityLabs - Smart Contract Auditing,1361651506
DDG76,2082307388,-4392056433874574193,Aaron,SolidityLabs - Smart Contract Auditing,1361651506
,5023120997,-3995887049111373995,,SolidityLabs - Smart Contract Auditing,1361651506
,1605521405,6547202847820537222,,SolidityLabs - Smart Contract Auditing,1361651506
MattNew,1700584128,549372453879939801,MattNew,SolidityLabs - Smart Contract Auditing,1361651506
,1942617817,7542455349474074131,House Promoter,SolidityLabs - Smart Contract Auditing,1361651506
mooon_io,713002988,-8694188435262448245,moon.io,SolidityLabs - Smart Contract Auditing,1361651506
mrpostal8,1637387167,-2357520924474264349,mr p,SolidityLabs - Smart Contract Auditing,1361651506
jamesonwillies,1444785882,-8665774484853469044,jameson willies,SolidityLabs - Smart Contract Auditing,1361651506
traderhuey,1109901741,2860727426212012336,Michael,SolidityLabs - Smart Contract Auditing,1361651506
Gr33nz,432077303,-5888694319236419552,Greenz,SolidityLabs - Smart Contract Auditing,1361651506
mini13252,1381566621,1920639995222171748,023 5689,SolidityLabs - Smart Contract Auditing,1361651506
Cliff0305,1359878591,4743411293708929730,Cliff,SolidityLabs - Smart Contract Auditing,1361651506
GLaw317,1035863216,5411482540102432847,licor ice,SolidityLabs - Smart Contract Auditing,1361651506
Kudoslena,5090553432,9095456649024478851,kudos,SolidityLabs - Smart Contract Auditing,1361651506
,1393702129,-4497754926925562279,,SolidityLabs - Smart Contract Auditing,1361651506
,1940800607,-7289755068503012010,Crypto$lodeon101% ü™É(Aj)ü¶ò,SolidityLabs - Smart Contract Auditing,1361651506
ronnyfloats,1613815427,5505627825823880593,Ronathan,SolidityLabs - Smart Contract Auditing,1361651506
,1933033718,529009264662326492,ÁùÄËø∑,SolidityLabs - Smart Contract Auditing,1361651506
,1456171401,6206036697100852663,joey Long,SolidityLabs - Smart Contract Auditing,1361651506
john_ryan1,1395325149,8390518596520143314,John Êù®,SolidityLabs - Smart Contract Auditing,1361651506
SUPERD4N,780215897,630470857661687289,SuperDan,SolidityLabs - Smart Contract Auditing,1361651506
AllstarTheStarKid,1854444894,-179125959644636700,New Kid,SolidityLabs - Smart Contract Auditing,1361651506
,1940728019,-8913959047069548700,Percy,SolidityLabs - Smart Contract Auditing,1361651506
Legacybackup,2056703623,-5585189821182913162,Legacy,SolidityLabs - Smart Contract Auditing,1361651506
,1858749827,3283514508480892435,Logan,SolidityLabs - Smart Contract Auditing,1361651506
,2101113514,-9029432774637292789,R M,SolidityLabs - Smart Contract Auditing,1361651506
hhaassaaq,5035915023,965754680421565611,Donald,SolidityLabs - Smart Contract Auditing,1361651506
LegacyGemz,417643477,2480060567825961823,Legacy,SolidityLabs - Smart Contract Auditing,1361651506
vanci0,1228270907,3886879814577656182,Vanci.0 ‚úùÔ∏è[@vanci0][VanciZero],SolidityLabs - Smart Contract Auditing,1361651506
osterguy,1831822250,8462467860848622676,Oster2k,SolidityLabs - Smart Contract Auditing,1361651506
Daolateur,1661856876,6727777286153206792,Daolateur,SolidityLabs - Smart Contract Auditing,1361651506
,1605713862,3109578387924788798,,SolidityLabs - Smart Contract Auditing,1361651506
beniswift,1798580886,-2943749798272814698,Beni,SolidityLabs - Smart Contract Auditing,1361651506
,2114066037,-5765275210994101688,,SolidityLabs - Smart Contract Auditing,1361651506
hemievil,944295567,6252532952174360230,Hemi,SolidityLabs - Smart Contract Auditing,1361651506
CryptoAidan,1727434681,-838069721825817126,Aidan,SolidityLabs - Smart Contract Auditing,1361651506
,1956288999,-6627301572166881331,,SolidityLabs - Smart Contract Auditing,1361651506
,2128679781,1307097758923051505,,SolidityLabs - Smart Contract Auditing,1361651506
,1638737415,-3440037312204763180,,SolidityLabs - Smart Contract Auditing,1361651506
,1679430413,-2825951561721620212,,SolidityLabs - Smart Contract Auditing,1361651506
rrviavmkifbc0vp,1380729126,6028904320726452979,Krishan Kumar,SolidityLabs - Smart Contract Auditing,1361651506
,2073459931,-8476319677485170462,,SolidityLabs - Smart Contract Auditing,1361651506
,1756125934,2430155019071568530,,SolidityLabs - Smart Contract Auditing,1361651506
,1724082453,5114418896671831661,,SolidityLabs - Smart Contract Auditing,1361651506
vwwjjrqnqu57,1238503717,3364163563072853221,kavya,SolidityLabs - Smart Contract Auditing,1361651506
,2063257563,-5643815327325078064,,SolidityLabs - Smart Contract Auditing,1361651506
,1987588107,4857712577580440382,,SolidityLabs - Smart Contract Auditing,1361651506
arzzknq1,1644109601,-6756483875503854429,Arsad Ali,SolidityLabs - Smart Contract Auditing,1361651506
,2027918823,-462627000242365331,,SolidityLabs - Smart Contract Auditing,1361651506
,1896626146,6449285144823091191,,SolidityLabs - Smart Contract Auditing,1361651506
ggpkwls9r9,1648475146,7468927792569066008,Baby aao na please,SolidityLabs - Smart Contract Auditing,1361651506
